<?xml version="1.0" encoding="UTF-8"?>
<beans xmlns="http://www.springframework.org/schema/beans"
    xmlns:cxf="http://camel.apache.org/schema/cxf"
    xmlns:xsi="http://www.w3.org/2001/XMLSchema-instance" xsi:schemaLocation="http://www.springframework.org/schema/beans http://www.springframework.org/schema/beans/spring-beans.xsd        http://camel.apache.org/schema/spring       http://camel.apache.org/schema/spring/camel-spring.xsd">
     <bean class="com.tml.vor.service.VORUIServiceImpl" id="vorUIServiceImpl"/>
   <bean class="com.tml.vor.jdgrepo.JdgVORUICustRepo" id="jdgVORUICustRepo"/>
    <bean class="com.tml.vor.config.JdgProperties" id="jdgProperties"/>
    <bean class="com.tml.vor.config.JdgConnection" id="jdgConnection"/> 
    <bean class="com.tml.vor.service.JdgServiceImpl" id="jdgService"/> 
    <camelContext id="vor-jdg-api-incremental" streamCache="true"
        xmlns="http://camel.apache.org/schema/spring" xmlns:esb="http://com.tml.vor.esb/">
        <dataFormats>
            <json id="json" library="Jackson" unmarshalTypeName="com.tml.vor.esb.VORUIResponseMarshaller"/>
        </dataFormats>
        <route id="timerRoute">
           <from id="_from1" uri="quartz2://myTimerName?cron=0+5+0+*+*+?"/> <!-- 0 0 0 * * ?	Every day at midnight - 12am --> 
           <!--   <from id="_from1" uri="timer://foo?period=60000"/> --> <!-- Every 60000 second --> 
            <doTry id="_doTry1">
                <to id="_to3" uri="direct:selectAccountExtractData"/>
                <doCatch id="_doCatch3">
                    <exception>java.sql.SQLException</exception>
                    <log id="_log3" message="SQL Exception Occured :: ********** ${exception.stacktrace}"/>
                </doCatch>
                <doCatch id="_doCatch4">
                    <exception>java.lang.Exception</exception>
                    <log id="_log4" message="Exception Occured :: ********** ${exception.stacktrace}"/>
                </doCatch>
            </doTry>
        </route>
        <!-- DB Route -->
        <route id="_route1">
            <from id="_from3" uri="direct:selectAccountExtractData"/>
            <setHeader headerName="currentDate" id="_setHeader1">
                <simple>${date:now:dd-MMM-yyyy}</simple>
                <!--  <constant>07-Mar-2021</constant>  --> 
            </setHeader>
            <bean id="jdgService" method="putAll(${date:now:dd-MMM-yyyy})" ref="jdgService"/>  
        <!-- <bean id="jdgService" method="putAll(${header.currentDate})" ref="jdgService"/> --> 
        </route>
    </camelContext>
    <!-- configure the Camel SQL component to use the JDBC data source -->
    <!-- Configures an Outbound DB Connection -->
</beans>
